#Release 14.7 - par P.20131013 (lin64)
#Copyright (c) 1995-2013 Xilinx, Inc.  All rights reserved.

#Thu Dec 14 09:08:52 2023

#
## NOTE: This file is designed to be imported into a spreadsheet program
# such as Microsoft Excel for viewing, printing and sorting. The |
# character is used as the data field separator. This file is also designed
# to support parsing.
#
#INPUT FILE:       top_sch_proj_map.ncd
#OUTPUT FILE:      top_sch_proj_pad.csv
#PART TYPE:        xc7a100t
#SPEED GRADE:      -1
#PACKAGE:          fgg676
#
# Pinout by Pin Number:
# 
# -----,-----,-----,-----,-----,-----,-----,-----,-----,-----,-----,-----,-----,-----,-----,
Pin Number,Signal Name,Pin Usage,Pin Name,Direction,IO Standard,IO Bank Number,Drive (mA),Slew Rate,Termination,IOB Delay,Voltage,Constraint,IO Register,Signal Integrity,
A1,,,VCCO_35,,,35,,,,,3.30,,,,
A2,,IOB33S,IO_L20N_T3_35,UNUSED,,35,,,,,,,,,
A3,,IOB33M,IO_L20P_T3_35,UNUSED,,35,,,,,,,,,
A4,,IOB33S,IO_L16N_T2_35,UNUSED,,35,,,,,,,,,
A5,,IOB33S,IO_L15N_T2_DQS_35,UNUSED,,35,,,,,,,,,
A6,,,GND,,,,,,,,,,,,
A7,,OPAD,MGTPTXN0_216,UNUSED,,,,,,,,,,,
A8,,,GND,,,,,,,,,,,,
A9,,OPAD,MGTPTXN2_216,UNUSED,,,,,,,,,,,
A10,,,GND,,,,,,,,,,,,
A11,,IPAD,MGTPRXN0_216,UNUSED,,,,,,,,,,,
A12,,,GND,,,,,,,,,,,,
A13,,IPAD,MGTPRXN2_216,UNUSED,,,,,,,,,,,
A14,,,GND,,,,,,,,,,,,
A15,,,MGTRREF_216,,,,,,,,,,,,
A16,,,GND,,,,,,,,,,,,
A17,,IOB33M,IO_L9P_T1_DQS_16,UNUSED,,16,,,,,,,,,
A18,,IOB33S,IO_L9N_T1_DQS_16,UNUSED,,16,,,,,,,,,
A19,,IOB33S,IO_L10N_T1_16,UNUSED,,16,,,,,,,,,
A20,,IOB33S,IO_L15N_T2_DQS_16,UNUSED,,16,,,,,,,,,
A21,,,VCCO_16,,,16,,,,,any******,,,,
A22,,IOB33S,IO_L17N_T2_16,UNUSED,,16,,,,,,,,,
A23,,IOB33M,IO_L21P_T3_DQS_16,UNUSED,,16,,,,,,,,,
A24,,IOB33S,IO_L21N_T3_DQS_16,UNUSED,,16,,,,,,,,,
A25,,IOB33S,IO_L20N_T3_16,UNUSED,,16,,,,,,,,,
A26,,,GND,,,,,,,,,,,,
AA1,,,VCCO_33,,,33,,,,,any******,,,,
AA2,,,NC,,,,,,,,,,,,
AA3,,,NC,,,,,,,,,,,,
AA4,,,NC,,,,,,,,,,,,
AA5,,,NC,,,,,,,,,,,,
AA6,,,GND,,,,,,,,,,,,
AA7,,,NC,,,,,,,,,,,,
AA8,,,NC,,,,,,,,,,,,
AA9,,,GND,,,,,,,,,,,,
AA10,,,MGTAVCC_G10,,,,,,,,,,,,
AA11,,IPAD,MGTREFCLK1P_213,UNUSED,,,,,,,,,,,
AA12,,,MGTAVCC_G10,,,,,,,,,,,,
AA13,,IPAD,MGTREFCLK0P_213,UNUSED,,,,,,,,,,,
AA14,,,GND,,,,,,,,,,,,
AA15,,,NC,,,,,,,,,,,,
AA16,,,GND,,,,,,,,,,,,
AA17,,,NC,,,,,,,,,,,,
AA18,,,NC,,,,,,,,,,,,
AA19,,,NC,,,,,,,,,,,,
AA20,,,NC,,,,,,,,,,,,
AA21,,,VCCO_12,,,12,,,,,any******,,,,
AA22,,IOB33M,IO_L8P_T1_13,UNUSED,,13,,,,,,,,,
AA23,,IOB33S,IO_L8N_T1_13,UNUSED,,13,,,,,,,,,
AA24,,IOB33M,IO_L7P_T1_13,UNUSED,,13,,,,,,,,,
AA25,,IOB33S,IO_L5N_T0_13,UNUSED,,13,,,,,,,,,
AA26,,,GND,,,,,,,,,,,,
AB1,,,NC,,,,,,,,,,,,
AB2,,,NC,,,,,,,,,,,,
AB3,,,GND,,,,,,,,,,,,
AB4,,,NC,,,,,,,,,,,,
AB5,,,NC,,,,,,,,,,,,
AB6,,,NC,,,,,,,,,,,,
AB7,,,M0_0,,,,,,,,,,,,
AB8,,,GND,,,,,,,,,,,,
AB9,,,GND,,,,,,,,,,,,
AB10,,,GND,,,,,,,,,,,,
AB11,,IPAD,MGTREFCLK1N_213,UNUSED,,,,,,,,,,,
AB12,,,GND,,,,,,,,,,,,
AB13,,IPAD,MGTREFCLK0N_213,UNUSED,,,,,,,,,,,
AB14,,,GND,,,,,,,,,,,,
AB15,,,CFGBVS_0,,,,,,,,,,,,
AB16,,,NC,,,,,,,,,,,,
AB17,,,NC,,,,,,,,,,,,
AB18,,,VCCO_12,,,12,,,,,any******,,,,
AB19,,,NC,,,,,,,,,,,,
AB20,,,NC,,,,,,,,,,,,
AB21,,,NC,,,,,,,,,,,,
AB22,,,NC,,,,,,,,,,,,
AB23,,,GND,,,,,,,,,,,,
AB24,,IOB33M,IO_L9P_T1_DQS_13,UNUSED,,13,,,,,,,,,
AB25,,IOB33S,IO_L7N_T1_13,UNUSED,,13,,,,,,,,,
AB26,,IOB33M,IO_L3P_T0_DQS_13,UNUSED,,13,,,,,,,,,
AC1,,,NC,,,,,,,,,,,,
AC2,,,NC,,,,,,,,,,,,
AC3,,,NC,,,,,,,,,,,,
AC4,,,NC,,,,,,,,,,,,
AC5,,,VCCO_33,,,33,,,,,any******,,,,
AC6,,,NC,,,,,,,,,,,,
AC7,,,GND,,,,,,,,,,,,
AC8,,OPAD,MGTPTXP2_213,UNUSED,,,,,,,,,,,
AC9,,,MGTAVCC_G10,,,,,,,,,,,,
AC10,,OPAD,MGTPTXP0_213,UNUSED,,,,,,,,,,,
AC11,,,MGTAVCC_G10,,,,,,,,,,,,
AC12,,IPAD,MGTPRXP0_213,UNUSED,,,,,,,,,,,
AC13,,,MGTAVCC_G10,,,,,,,,,,,,
AC14,,IPAD,MGTPRXP2_213,UNUSED,,,,,,,,,,,
AC15,,,GND,,,,,,,,,,,,
AC16,,,NC,,,,,,,,,,,,
AC17,,,NC,,,,,,,,,,,,
AC18,,,NC,,,,,,,,,,,,
AC19,,,NC,,,,,,,,,,,,
AC20,,,GND,,,,,,,,,,,,
AC21,,,NC,,,,,,,,,,,,
AC22,,,NC,,,,,,,,,,,,
AC23,,,NC,,,,,,,,,,,,
AC24,,IOB33S,IO_L9N_T1_DQS_13,UNUSED,,13,,,,,,,,,
AC25,,,VCCO_13,,,13,,,,,3.30,,,,
AC26,,IOB33S,IO_L3N_T0_DQS_13,UNUSED,,13,,,,,,,,,
AD1,,,NC,,,,,,,,,,,,
AD2,,,VCCO_33,,,33,,,,,any******,,,,
AD3,,,NC,,,,,,,,,,,,
AD4,,,NC,,,,,,,,,,,,
AD5,,,NC,,,,,,,,,,,,
AD6,,,GND,,,,,,,,,,,,
AD7,,,MGTAVTT_G10,,,,,,,,,,,,
AD8,,OPAD,MGTPTXN2_213,UNUSED,,,,,,,,,,,
AD9,,,GND,,,,,,,,,,,,
AD10,,OPAD,MGTPTXN0_213,UNUSED,,,,,,,,,,,
AD11,,,GND,,,,,,,,,,,,
AD12,,IPAD,MGTPRXN0_213,UNUSED,,,,,,,,,,,
AD13,,,GND,,,,,,,,,,,,
AD14,,IPAD,MGTPRXN2_213,UNUSED,,,,,,,,,,,
AD15,,,MGTAVTT_G10,,,,,,,,,,,,
AD16,,,GND,,,,,,,,,,,,
AD17,,,NC,,,,,,,,,,,,
AD18,,,NC,,,,,,,,,,,,
AD19,,,NC,,,,,,,,,,,,
AD20,,,NC,,,,,,,,,,,,
AD21,,,NC,,,,,,,,,,,,
AD22,,,VCCO_12,,,12,,,,,any******,,,,
AD23,,,NC,,,,,,,,,,,,
AD24,,,NC,,,,,,,,,,,,
AD25,,,NC,,,,,,,,,,,,
AD26,,,NC,,,,,,,,,,,,
AE1,,,NC,,,,,,,,,,,,
AE2,,,NC,,,,,,,,,,,,
AE3,,,NC,,,,,,,,,,,,
AE4,,,GND,,,,,,,,,,,,
AE5,,,NC,,,,,,,,,,,,
AE6,,,GND,,,,,,,,,,,,
AE7,,OPAD,MGTPTXP3_213,UNUSED,,,,,,,,,,,
AE8,,,MGTAVTT_G10,,,,,,,,,,,,
AE9,,OPAD,MGTPTXP1_213,UNUSED,,,,,,,,,,,
AE10,,,MGTAVTT_G10,,,,,,,,,,,,
AE11,,IPAD,MGTPRXP3_213,UNUSED,,,,,,,,,,,
AE12,,,MGTAVTT_G10,,,,,,,,,,,,
AE13,,IPAD,MGTPRXP1_213,UNUSED,,,,,,,,,,,
AE14,,,MGTAVTT_G10,,,,,,,,,,,,
AE15,,,GND,,,,,,,,,,,,
AE16,,,PROGRAM_B_0,,,,,,,,,,,,
AE17,,,NC,,,,,,,,,,,,
AE18,,,NC,,,,,,,,,,,,
AE19,,,VCCO_12,,,12,,,,,any******,,,,
AE20,,,NC,,,,,,,,,,,,
AE21,,,NC,,,,,,,,,,,,
AE22,,,NC,,,,,,,,,,,,
AE23,,,NC,,,,,,,,,,,,
AE24,,,GND,,,,,,,,,,,,
AE25,,,NC,,,,,,,,,,,,
AE26,,,NC,,,,,,,,,,,,
AF1,,,GND,,,,,,,,,,,,
AF2,,,NC,,,,,,,,,,,,
AF3,,,NC,,,,,,,,,,,,
AF4,,,NC,,,,,,,,,,,,
AF5,,,NC,,,,,,,,,,,,
AF6,,,GND,,,,,,,,,,,,
AF7,,OPAD,MGTPTXN3_213,UNUSED,,,,,,,,,,,
AF8,,,GND,,,,,,,,,,,,
AF9,,OPAD,MGTPTXN1_213,UNUSED,,,,,,,,,,,
AF10,,,GND,,,,,,,,,,,,
AF11,,IPAD,MGTPRXN3_213,UNUSED,,,,,,,,,,,
AF12,,,GND,,,,,,,,,,,,
AF13,,IPAD,MGTPRXN1_213,UNUSED,,,,,,,,,,,
AF14,,,GND,,,,,,,,,,,,
AF15,,,MGTRREF_213,,,,,,,,,,,,
AF16,,,GND,,,,,,,,,,,,
AF17,,,NC,,,,,,,,,,,,
AF18,,,NC,,,,,,,,,,,,
AF19,,,NC,,,,,,,,,,,,
AF20,,,NC,,,,,,,,,,,,
AF21,,,GND,,,,,,,,,,,,
AF22,,,NC,,,,,,,,,,,,
AF23,,,NC,,,,,,,,,,,,
AF24,,,NC,,,,,,,,,,,,
AF25,,,NC,,,,,,,,,,,,
AF26,,,VCCO_12,,,12,,,,,any******,,,,
B1,,IOB33S,IO_L21N_T3_DQS_35,UNUSED,,35,,,,,,,,,
B2,,IOB33S,IO_L19N_T3_VREF_35,UNUSED,,35,,,,,,,,,
B3,,,GND,,,,,,,,,,,,
B4,,IOB33M,IO_L16P_T2_35,UNUSED,,35,,,,,,,,,
B5,,IOB33M,IO_L15P_T2_DQS_35,UNUSED,,35,,,,,,,,,
B6,,,GND,,,,,,,,,,,,
B7,,OPAD,MGTPTXP0_216,UNUSED,,,,,,,,,,,
B8,,,MGTAVTT_G11,,,,,,,,,,,,
B9,,OPAD,MGTPTXP2_216,UNUSED,,,,,,,,,,,
B10,,,MGTAVTT_G11,,,,,,,,,,,,
B11,,IPAD,MGTPRXP0_216,UNUSED,,,,,,,,,,,
B12,,,MGTAVTT_G11,,,,,,,,,,,,
B13,,IPAD,MGTPRXP2_216,UNUSED,,,,,,,,,,,
B14,,,MGTAVTT_G11,,,,,,,,,,,,
B15,,,GND,,,,,,,,,,,,
B16,,,GND,,,,,,,,,,,,
B17,,IOB33S,IO_L7N_T1_16,UNUSED,,16,,,,,,,,,
B18,,,VCCO_16,,,16,,,,,any******,,,,
B19,,IOB33M,IO_L10P_T1_16,UNUSED,,16,,,,,,,,,
B20,,IOB33M,IO_L15P_T2_DQS_16,UNUSED,,16,,,,,,,,,
B21,,IOB33S,IO_L16N_T2_16,UNUSED,,16,,,,,,,,,
B22,,IOB33M,IO_L17P_T2_16,UNUSED,,16,,,,,,,,,
B23,,,GND,,,,,,,,,,,,
B24,,IOB33S,IO_L23N_T3_16,UNUSED,,16,,,,,,,,,
B25,,IOB33M,IO_L20P_T3_16,UNUSED,,16,,,,,,,,,
B26,,IOB33S,IO_L22N_T3_16,UNUSED,,16,,,,,,,,,
C1,,IOB33M,IO_L21P_T3_DQS_35,UNUSED,,35,,,,,,,,,
C2,,IOB33M,IO_L19P_T3_35,UNUSED,,35,,,,,,,,,
C3,,IOB33S,IO_L17N_T2_35,UNUSED,,35,,,,,,,,,
C4,,IOB33S,IO_L14N_T2_SRCC_35,UNUSED,,35,,,,,,,,,
C5,,,VCCO_35,,,35,,,,,3.30,,,,
C6,,,GND,,,,,,,,,,,,
C7,,,MGTAVTT_G11,,,,,,,,,,,,
C8,,OPAD,MGTPTXN1_216,UNUSED,,,,,,,,,,,
C9,,,GND,,,,,,,,,,,,
C10,,OPAD,MGTPTXN3_216,UNUSED,,,,,,,,,,,
C11,,,GND,,,,,,,,,,,,
C12,,IPAD,MGTPRXN3_216,UNUSED,,,,,,,,,,,
C13,,,GND,,,,,,,,,,,,
C14,,IPAD,MGTPRXN1_216,UNUSED,,,,,,,,,,,
C15,,,MGTAVTT_G11,,,,,,,,,,,,
C16,,,GND,,,,,,,,,,,,
C17,,IOB33M,IO_L7P_T1_16,UNUSED,,16,,,,,,,,,
C18,,IOB33S,IO_L12N_T1_MRCC_16,UNUSED,,16,,,,,,,,,
C19,,IOB33S,IO_L13N_T2_MRCC_16,UNUSED,,16,,,,,,,,,
C20,,,GND,,,,,,,,,,,,
C21,,IOB33M,IO_L16P_T2_16,UNUSED,,16,,,,,,,,,
C22,,IOB33M,IO_L19P_T3_16,UNUSED,,16,,,,,,,,,
C23,,IOB33S,IO_L19N_T3_VREF_16,UNUSED,,16,,,,,,,,,
C24,,IOB33M,IO_L23P_T3_16,UNUSED,,16,,,,,,,,,
C25,,,VCCO_16,,,16,,,,,any******,,,,
C26,,IOB33M,IO_L22P_T3_16,UNUSED,,16,,,,,,,,,
D1,,IOB33S,IO_L23N_T3_35,UNUSED,,35,,,,,,,,,
D2,,,VCCO_35,,,35,,,,,3.30,,,,
D3,,IOB33M,IO_L17P_T2_35,UNUSED,,35,,,,,,,,,
D4,,IOB33M,IO_L14P_T2_SRCC_35,UNUSED,,35,,,,,,,,,
D5,,IOB33S,IO_L13N_T2_MRCC_35,UNUSED,,35,,,,,,,,,
D6,,IOB33S,IO_L1N_T0_AD4N_35,UNUSED,,35,,,,,,,,,
D7,,,GND,,,,,,,,,,,,
D8,,OPAD,MGTPTXP1_216,UNUSED,,,,,,,,,,,
D9,,,MGTAVCC_G11,,,,,,,,,,,,
D10,,OPAD,MGTPTXP3_216,UNUSED,,,,,,,,,,,
D11,,,MGTAVCC_G11,,,,,,,,,,,,
D12,,IPAD,MGTPRXP3_216,UNUSED,,,,,,,,,,,
D13,,,MGTAVCC_G11,,,,,,,,,,,,
D14,,IPAD,MGTPRXP1_216,UNUSED,,,,,,,,,,,
D15,,,GND,,,,,,,,,,,,
D16,,IOB33S,IO_L8N_T1_16,UNUSED,,16,,,,,,,,,
D17,,,GND,,,,,,,,,,,,
D18,,IOB33M,IO_L12P_T1_MRCC_16,UNUSED,,16,,,,,,,,,
D19,,IOB33M,IO_L13P_T2_MRCC_16,UNUSED,,16,,,,,,,,,
D20,,IOB33S,IO_L14N_T2_SRCC_16,UNUSED,,16,,,,,,,,,
D21,,IOB33S,IO_L18N_T2_16,UNUSED,,16,,,,,,,,,
D22,,,VCCO_16,,,16,,,,,any******,,,,
D23,,IOB33M,IO_L24P_T3_16,UNUSED,,16,,,,,,,,,
D24,,IOB33S,IO_L24N_T3_16,UNUSED,,16,,,,,,,,,
D25,,IOB33S,IO_L20N_T3_A19_15,UNUSED,,15,,,,,,,,,
D26,,IOB33S,IO_L21N_T3_DQS_A18_15,UNUSED,,15,,,,,,,,,
E1,,IOB33M,IO_L23P_T3_35,UNUSED,,35,,,,,,,,,
E2,,IOB33S,IO_L22N_T3_35,UNUSED,,35,,,,,,,,,
E3,,IOB33S,IO_L18N_T2_35,UNUSED,,35,,,,,,,,,
E4,,,GND,,,,,,,,,,,,
E5,,IOB33M,IO_L13P_T2_MRCC_35,UNUSED,,35,,,,,,,,,
E6,,IOB33M,IO_L1P_T0_AD4P_35,UNUSED,,35,,,,,,,,,
E7,,,GND,,,,,,,,,,,,
E8,,,GND,,,,,,,,,,,,
E9,,,GND,,,,,,,,,,,,
E10,,,GND,,,,,,,,,,,,
E11,,IPAD,MGTREFCLK0N_216,UNUSED,,,,,,,,,,,
E12,,,GND,,,,,,,,,,,,
E13,,IPAD,MGTREFCLK1N_216,UNUSED,,,,,,,,,,,
E14,,,GND,,,,,,,,,,,,
E15,,,GND,,,,,,,,,,,,
E16,,IOB33M,IO_L8P_T1_16,UNUSED,,16,,,,,,,,,
E17,,IOB33M,IO_L11P_T1_SRCC_16,UNUSED,,16,,,,,,,,,
E18,,IOB33S,IO_L11N_T1_SRCC_16,UNUSED,,16,,,,,,,,,
E19,,,VCCO_16,,,16,,,,,any******,,,,
E20,,IOB33M,IO_L14P_T2_SRCC_16,UNUSED,,16,,,,,,,,,
E21,,IOB33M,IO_L18P_T2_16,UNUSED,,16,,,,,,,,,
E22,,IOB33,IO_25_16,UNUSED,,16,,,,,,,,,
E23,,IOB33S,IO_L17N_T2_A25_15,UNUSED,,15,,,,,,,,,
E24,,,GND,,,,,,,,,,,,
E25,,IOB33M,IO_L20P_T3_A20_15,UNUSED,,15,,,,,,,,,
E26,,IOB33M,IO_L21P_T3_DQS_15,UNUSED,,15,,,,,,,,,
F1,,,GND,,,,,,,,,,,,
F2,,IOB33M,IO_L22P_T3_35,UNUSED,,35,,,,,,,,,
F3,,IOB33M,IO_L18P_T2_35,UNUSED,,35,,,,,,,,,
F4,led<15>,IOB33,IO_L11N_T1_SRCC_35,OUTPUT,LVCMOS33,35,12,SLOW,,,,LOCATED,NO,NONE,
F5,,IOB33S,IO_L12N_T1_MRCC_35,UNUSED,,35,,,,,,,,,
F6,,,VCCO_35,,,35,,,,,3.30,,,,
F7,,IOB33S,IO_L4N_T0_35,UNUSED,,35,,,,,,,,,
F8,,IOB33M,IO_L4P_T0_35,UNUSED,,35,,,,,,,,,
F9,,,GND,,,,,,,,,,,,
F10,,,MGTAVCC_G11,,,,,,,,,,,,
F11,,IPAD,MGTREFCLK0P_216,UNUSED,,,,,,,,,,,
F12,,,MGTAVCC_G11,,,,,,,,,,,,
F13,,IPAD,MGTREFCLK1P_216,UNUSED,,,,,,,,,,,
F14,,,GND,,,,,,,,,,,,
F15,,IOB33S,IO_L4N_T0_16,UNUSED,,16,,,,,,,,,
F16,,,VCCO_16,,,16,,,,,any******,,,,
F17,,IOB33S,IO_L2N_T0_16,UNUSED,,16,,,,,,,,,
F18,,IOB33M,IO_L3P_T0_DQS_16,UNUSED,,16,,,,,,,,,
F19,,IOB33S,IO_L3N_T0_DQS_16,UNUSED,,16,,,,,,,,,
F20,,IOB33S,IO_L5N_T0_16,UNUSED,,16,,,,,,,,,
F21,,,GND,,,,,,,,,,,,
F22,,IOB33S,IO_L15N_T2_DQS_ADV_B_15,UNUSED,,15,,,,,,,,,
F23,,IOB33M,IO_L17P_T2_A26_15,UNUSED,,15,,,,,,,,,
F24,,IOB33S,IO_L19N_T3_A21_VREF_15,UNUSED,,15,,,,,,,,,
F25,,IOB33S,IO_L23N_T3_FWE_B_15,UNUSED,,15,,,,,,,,,
F26,,,VCCO_15,,,15,,,,,any******,,,,
G1,,IOB33S,IO_L24N_T3_35,UNUSED,,35,,,,,,,,,
G2,,IOB33M,IO_L24P_T3_35,UNUSED,,35,,,,,,,,,
G3,,,VCCO_35,,,35,,,,,3.30,,,,
G4,led<14>,IOB33,IO_L11P_T1_SRCC_35,OUTPUT,LVCMOS33,35,12,SLOW,,,,LOCATED,NO,NONE,
G5,,IOB33M,IO_L12P_T1_MRCC_35,UNUSED,,35,,,,,,,,,
G6,,IOB33S,IO_L5N_T0_AD13N_35,UNUSED,,35,,,,,,,,,
G7,,IOB33S,IO_L3N_T0_DQS_AD5N_35,UNUSED,,35,,,,,,,,,
G8,,IOB33S,IO_L2N_T0_AD12N_35,UNUSED,,35,,,,,,,,,
G9,sw<3>,IOB33,IO_L6N_T0_VREF_35,INPUT,LVCMOS33,35,,,,NONE,,LOCATED,NO,NONE,
G10,,,GND,,,,,,,,,,,,
G11,,,GND,,,,,,,,,,,,
G12,,,GND,,,,,,,,,,,,
G13,,,GND,,,,,,,,,,,,
G14,,,VCCBATT_0,,,,,,,,,,,,
G15,,IOB33M,IO_L4P_T0_16,UNUSED,,16,,,,,,,,,
G16,,IOB33S,IO_L6N_T0_VREF_16,UNUSED,,16,,,,,,,,,
G17,,IOB33M,IO_L2P_T0_16,UNUSED,,16,,,,,,,,,
G18,,,GND,,,,,,,,,,,,
G19,,IOB33M,IO_L5P_T0_16,UNUSED,,16,,,,,,,,,
G20,,IOB33M,IO_L11P_T1_SRCC_15,UNUSED,,15,,,,,,,,,
G21,,IOB33S,IO_L11N_T1_SRCC_15,UNUSED,,15,,,,,,,,,
G22,,IOB33M,IO_L15P_T2_DQS_15,UNUSED,,15,,,,,,,,,
G23,,,VCCO_15,,,15,,,,,any******,,,,
G24,,IOB33M,IO_L19P_T3_A22_15,UNUSED,,15,,,,,,,,,
G25,,IOB33M,IO_L23P_T3_FOE_B_15,UNUSED,,15,,,,,,,,,
G26,,IOB33S,IO_L22N_T3_A16_15,UNUSED,,15,,,,,,,,,
H1,sw<5>,IOB33,IO_L10N_T1_34,INPUT,LVCMOS33,34,,,,NONE,,LOCATED,NO,NONE,
H2,sw<4>,IOB33,IO_L10P_T1_34,INPUT,LVCMOS33,34,,,,NONE,,LOCATED,NO,NONE,
H3,,IOB33,IO_25_35,UNUSED,,35,,,,,,,,,
H4,sw<7>,IOB33,IO_L9N_T1_DQS_AD7N_35,INPUT,LVCMOS33,35,,,,NONE,,LOCATED,NO,NONE,
H5,,,GND,,,,,,,,,,,,
H6,,IOB33M,IO_L5P_T0_AD13P_35,UNUSED,,35,,,,,,,,,
H7,,IOB33M,IO_L3P_T0_DQS_AD5P_35,UNUSED,,35,,,,,,,,,
H8,,IOB33M,IO_L2P_T0_AD12P_35,UNUSED,,35,,,,,,,,,
H9,sw<2>,IOB33,IO_L6P_T0_35,INPUT,LVCMOS33,35,,,,NONE,,LOCATED,NO,NONE,
H10,,,TDI_0,,,,,,,,,,,,
H11,,,TMS_0,,,,,,,,,,,,
H12,,,TCK_0,,,,,,,,,,,,
H13,,,CCLK_0,,,,,,,,,,,,
H14,,IOB33M,IO_L1P_T0_16,UNUSED,,16,,,,,,,,,
H15,,IOB33S,IO_L1N_T0_16,UNUSED,,16,,,,,,,,,
H16,,IOB33M,IO_L6P_T0_16,UNUSED,,16,,,,,,,,,
H17,,IOB33,IO_0_16,UNUSED,,16,,,,,,,,,
H18,,IOB33S,IO_L10N_T1_AD11N_15,UNUSED,,15,,,,,,,,,
H19,,IOB33S,IO_L7N_T1_AD2N_15,UNUSED,,15,,,,,,,,,
H20,,,VCCO_15,,,15,,,,,any******,,,,
H21,,IOB33M,IO_L13P_T2_MRCC_15,UNUSED,,15,,,,,,,,,
H22,,IOB33S,IO_L13N_T2_MRCC_15,UNUSED,,15,,,,,,,,,
H23,,IOB33S,IO_L14N_T2_SRCC_15,UNUSED,,15,,,,,,,,,
H24,,IOB33S,IO_L16N_T2_A27_15,UNUSED,,15,,,,,,,,,
H25,,,GND,,,,,,,,,,,,
H26,,IOB33M,IO_L22P_T3_A17_15,UNUSED,,15,,,,,,,,,
J1,cath<5>,IOB33,IO_L7N_T1_34,OUTPUT,LVCMOS33,34,12,SLOW,,,,LOCATED,NO,NONE,
J2,,,GND,,,,,,,,,,,,
J3,,IOB33S,IO_L1N_T0_34,UNUSED,,34,,,,,,,,,
J4,sw<6>,IOB33,IO_L9P_T1_DQS_AD7P_35,INPUT,LVCMOS33,35,,,,NONE,,LOCATED,NO,NONE,
J5,,IOB33S,IO_L7N_T1_AD6N_35,UNUSED,,35,,,,,,,,,
J6,,IOB33M,IO_L7P_T1_AD6P_35,UNUSED,,35,,,,,,,,,
J7,,,VCCO_35,,,35,,,,,3.30,,,,
J8,,IOB33,IO_0_35,UNUSED,,35,,,,,,,,,
J9,,,VCCAUX,,,,,,,,1.8,,,,
J10,,,TDO_0,,,,,,,,,,,,
J11,,,VCCINT,,,,,,,,1.0,,,,
J12,,,GND,,,,,,,,,,,,
J13,,,VCCINT,,,,,,,,1.0,,,,
J14,,IOB33M,IO_L2P_T0_AD8P_15,UNUSED,,15,,,,,,,,,
J15,,IOB33S,IO_L2N_T0_AD8N_15,UNUSED,,15,,,,,,,,,
J16,,IOB33S,IO_L1N_T0_AD0N_15,UNUSED,,15,,,,,,,,,
J17,,,VCCO_15,,,15,,,,,any******,,,,
J18,,IOB33M,IO_L10P_T1_AD11P_15,UNUSED,,15,,,,,,,,,
J19,,IOB33M,IO_L7P_T1_AD2P_15,UNUSED,,15,,,,,,,,,
J20,,IOB33S,IO_L9N_T1_DQS_AD3N_15,UNUSED,,15,,,,,,,,,
J21,,IOB33S,IO_L12N_T1_MRCC_15,UNUSED,,15,,,,,,,,,
J22,,,GND,,,,,,,,,,,,
J23,,IOB33M,IO_L14P_T2_SRCC_15,UNUSED,,15,,,,,,,,,
J24,,IOB33M,IO_L16P_T2_A28_15,UNUSED,,15,,,,,,,,,
J25,,IOB33M,IO_L24P_T3_RS1_15,UNUSED,,15,,,,,,,,,
J26,,IOB33S,IO_L24N_T3_RS0_15,UNUSED,,15,,,,,,,,,
K1,cath<6>,IOB33,IO_L7P_T1_34,OUTPUT,LVCMOS33,34,12,SLOW,,,,LOCATED,NO,NONE,
K2,,IOB33S,IO_L8N_T1_34,UNUSED,,34,,,,,,,,,
K3,,IOB33M,IO_L1P_T0_34,UNUSED,,34,,,,,,,,,
K4,,,VCCO_34,,,34,,,,,3.30,,,,
K5,led<10>,IOB33,IO_L4N_T0_34,OUTPUT,LVCMOS33,34,12,SLOW,,,,LOCATED,NO,NONE,
K6,,IOB33S,IO_L10N_T1_AD15N_35,UNUSED,,35,,,,,,,,,
K7,,IOB33M,IO_L10P_T1_AD15P_35,UNUSED,,35,,,,,,,,,
K8,,IOB33S,IO_L8N_T1_AD14N_35,UNUSED,,35,,,,,,,,,
K9,,,GND,,,,,,,,,,,,
K10,,,VCCINT,,,,,,,,1.0,,,,
K11,,,GND,,,,,,,,,,,,
K12,,,VCCINT,,,,,,,,1.0,,,,
K13,,,GND,,,,,,,,,,,,
K14,,,VCCO_15,,,15,,,,,any******,,,,
K15,,IOB33M,IO_L1P_T0_AD0P_15,UNUSED,,15,,,,,,,,,
K16,,IOB33M,IO_L3P_T0_DQS_AD1P_15,UNUSED,,15,,,,,,,,,
K17,,IOB33S,IO_L3N_T0_DQS_AD1N_15,UNUSED,,15,,,,,,,,,
K18,,IOB33,IO_0_15,UNUSED,,15,,,,,,,,,
K19,,,GND,,,,,,,,,,,,
K20,,IOB33M,IO_L9P_T1_DQS_AD3P_15,UNUSED,,15,,,,,,,,,
K21,,IOB33M,IO_L12P_T1_MRCC_15,UNUSED,,15,,,,,,,,,
K22,,IOB33M,IO_L18P_T2_A24_15,UNUSED,,15,,,,,,,,,
K23,,IOB33S,IO_L18N_T2_A23_15,UNUSED,,15,,,,,,,,,
K24,,,VCCO_14,,,14,,,,,3.30,,,,
K25,,IOB33M,IO_L7P_T1_D09_14,UNUSED,,14,,,,,,,,,
K26,,IOB33S,IO_L7N_T1_D10_14,UNUSED,,14,,,,,,,,,
L1,,,VCCO_34,,,34,,,,,3.30,,,,
L2,,IOB33S,IO_L11N_T1_SRCC_34,UNUSED,,34,,,,,,,,,
L3,,IOB33M,IO_L8P_T1_34,UNUSED,,34,,,,,,,,,
L4,cath<1>,IOB33,IO_L3N_T0_DQS_34,OUTPUT,LVCMOS33,34,12,SLOW,,,,LOCATED,NO,NONE,
L5,cath<0>,IOB33,IO_L4P_T0_34,OUTPUT,LVCMOS33,34,12,SLOW,,,,LOCATED,NO,NONE,
L6,,,GND,,,,,,,,,,,,
L7,,IOB33S,IO_L2N_T0_34,UNUSED,,34,,,,,,,,,
L8,,IOB33M,IO_L8P_T1_AD14P_35,UNUSED,,35,,,,,,,,,
L9,,,VCCAUX,,,,,,,,1.8,,,,
L10,,,GND,,,,,,,,,,,,
L11,,,VCCINT,,,,,,,,1.0,,,,
L12,,,GND,,,,,,,,,,,,
L13,,,VCCINT,,,,,,,,1.0,,,,
L14,,IOB33S,IO_L4N_T0_15,UNUSED,,15,,,,,,,,,
L15,,IOB33S,IO_L5N_T0_AD9N_15,UNUSED,,15,,,,,,,,,
L16,,,GND,,,,,,,,,,,,
L17,,IOB33M,IO_L8P_T1_AD10P_15,UNUSED,,15,,,,,,,,,
L18,,IOB33S,IO_L8N_T1_AD10N_15,UNUSED,,15,,,,,,,,,
L19,,IOB33,IO_25_15,UNUSED,,15,,,,,,,,,
L20,,IOB33S,IO_L8N_T1_D12_14,UNUSED,,14,,,,,,,,,
L21,,,VCCO_14,,,14,,,,,3.30,,,,
L22,led<8>,IOB33,IO_L11P_T1_SRCC_14,OUTPUT,LVCMOS33,14,12,SLOW,,,,LOCATED,NO,NONE,
L23,led<9>,IOB33,IO_L11N_T1_SRCC_14,OUTPUT,LVCMOS33,14,12,SLOW,,,,LOCATED,NO,NONE,
L24,,IOB33M,IO_L9P_T1_DQS_14,UNUSED,,14,,,,,,,,,
L25,,IOB33S,IO_L9N_T1_DQS_D13_14,UNUSED,,14,,,,,,,,,
L26,,,GND,,,,,,,,,,,,
M1,anode<3>,IOB33,IO_L9N_T1_DQS_34,OUTPUT,LVCMOS33,34,12,SLOW,,,,LOCATED,NO,NONE,
M2,led<13>,IOB33,IO_L11P_T1_SRCC_34,OUTPUT,LVCMOS33,34,12,SLOW,,,,LOCATED,NO,NONE,
M3,,,GND,,,,,,,,,,,,
M4,cath<2>,IOB33,IO_L3P_T0_DQS_34,OUTPUT,LVCMOS33,34,12,SLOW,,,,LOCATED,NO,NONE,
M5,sw<1>,IOB33,IO_L6N_T0_VREF_34,INPUT,LVCMOS33,34,,,,NONE,,LOCATED,NO,NONE,
M6,cath<7>,IOB33,IO_L6P_T0_34,OUTPUT,LVCMOS33,34,12,SLOW,,,,LOCATED,NO,NONE,
M7,,IOB33M,IO_L2P_T0_34,UNUSED,,34,,,,,,,,,
M8,,,VCCO_34,,,34,,,,,3.30,,,,
M9,,,GND,,,,,,,,,,,,
M10,,,VCCINT,,,,,,,,1.0,,,,
M11,,,GNDADC_0,,,,,,,,,,,,
M12,,,VCCADC_0,,,,,,,,,,,,
M13,,,GND,,,,,,,,,,,,
M14,,IOB33M,IO_L4P_T0_15,UNUSED,,15,,,,,,,,,
M15,,IOB33M,IO_L5P_T0_AD9P_15,UNUSED,,15,,,,,,,,,
M16,,IOB33M,IO_L6P_T0_15,UNUSED,,15,,,,,,,,,
M17,,IOB33S,IO_L6N_T0_VREF_15,UNUSED,,15,,,,,,,,,
M18,,,VCCO_15,,,15,,,,,any******,,,,
M19,,IOB33,IO_0_14,UNUSED,,14,,,,,,,,,
M20,,IOB33M,IO_L8P_T1_D11_14,UNUSED,,14,,,,,,,,,
M21,,IOB33M,IO_L12P_T1_MRCC_14,UNUSED,,14,,,,,,,,,
M22,,IOB33S,IO_L12N_T1_MRCC_14,UNUSED,,14,,,,,,,,,
M23,,,GND,,,,,,,,,,,,
M24,led<4>,IOB33,IO_L10P_T1_D14_14,OUTPUT,LVCMOS33,14,12,SLOW,,,,LOCATED,NO,NONE,
M25,led<5>,IOB33,IO_L10N_T1_D15_14,OUTPUT,LVCMOS33,14,12,SLOW,,,,LOCATED,NO,NONE,
M26,,IOB33S,IO_L20N_T3_A07_D23_14,UNUSED,,14,,,,,,,,,
N1,anode<4>,IOB33,IO_L9P_T1_DQS_34,OUTPUT,LVCMOS33,34,12,SLOW,,,,LOCATED,NO,NONE,
N2,led<11>,IOB33,IO_L12N_T1_MRCC_34,OUTPUT,LVCMOS33,34,12,SLOW,,,,LOCATED,NO,NONE,
N3,led<12>,IOB33,IO_L12P_T1_MRCC_34,OUTPUT,LVCMOS33,34,12,SLOW,,,,LOCATED,NO,NONE,
N4,,IOB33S,IO_L14N_T2_SRCC_34,UNUSED,,34,,,,,,,,,
N5,,,VCCO_34,,,34,,,,,3.30,,,,
N6,,IOB33S,IO_L5N_T0_34,UNUSED,,34,,,,,,,,,
N7,,IOB33M,IO_L5P_T0_34,UNUSED,,34,,,,,,,,,
N8,,IOB33,IO_0_34,UNUSED,,34,,,,,,,,,
N9,,,VCCAUX,,,,,,,,1.8,,,,
N10,,,GND,,,,,,,,,,,,
N11,,,VREFN_0,,,,,,,,,,,,
N12,,IPAD,VP_0,UNUSED,,0,,,,,,,,,
N13,,,VCCBRAM,,,,,,,,,,,,
N14,,IOB33S,IO_L2N_T0_D03_14,UNUSED,,14,,,,,,,,,
N15,,,VCCO_14,,,14,,,,,3.30,,,,
N16,,IOB33M,IO_L4P_T0_D04_14,UNUSED,,14,,,,,,,,,
N17,,IOB33S,IO_L4N_T0_D05_14,UNUSED,,14,,,,,,,,,
N18,,IOB33S,IO_L6N_T0_D08_VREF_14,UNUSED,,14,,,,,,,,,
N19,,IOB33S,IO_L16N_T2_A15_D31_14,UNUSED,,14,,,,,,,,,
N20,,,GND,,,,,,,,,,,,
N21,led<2>,IOB33,IO_L13P_T2_MRCC_14,OUTPUT,LVCMOS33,14,12,SLOW,,,,LOCATED,NO,NONE,
N22,led<3>,IOB33,IO_L13N_T2_MRCC_14,OUTPUT,LVCMOS33,14,12,SLOW,,,,LOCATED,NO,NONE,
N23,,IOB33M,IO_L15P_T2_DQS_RDWR_B_14,UNUSED,,14,,,,,,,,,
N24,,IOB33S,IO_L15N_T2_DQS_DOUT_CSO_B_14,UNUSED,,14,,,,,,,,,
N25,,,VCCO_14,,,14,,,,,3.30,,,,
N26,,IOB33M,IO_L20P_T3_A08_D24_14,UNUSED,,14,,,,,,,,,
P1,sw8,IOB33,IO_L15N_T2_DQS_34,INPUT,LVCMOS33,34,,,,NONE,,LOCATED,NO,NONE,
P2,,,VCCO_34,,,34,,,,,3.30,,,,
P3,cath<3>,IOB33,IO_L13N_T2_MRCC_34,OUTPUT,LVCMOS33,34,12,SLOW,,,,LOCATED,NO,NONE,
P4,,IOB33M,IO_L14P_T2_SRCC_34,UNUSED,,34,,,,,,,,,
P5,anode<1>,IOB33,IO_L19N_T3_VREF_34,OUTPUT,LVCMOS33,34,12,SLOW,,,,LOCATED,NO,NONE,
P6,anode<2>,IOB33,IO_L19P_T3_34,OUTPUT,LVCMOS33,34,12,SLOW,,,,LOCATED,NO,NONE,
P7,,,GND,,,,,,,,,,,,
P8,,IOB33S,IO_L22N_T3_34,UNUSED,,34,,,,,,,,,
P9,,,GND,,,,,,,,,,,,
P10,,,VCCINT,,,,,,,,1.0,,,,
P11,,IPAD,VN_0,UNUSED,,0,,,,,,,,,
P12,,,VREFP_0,,,,,,,,,,,,
P13,,,GND,,,,,,,,,,,,
P14,,IOB33M,IO_L2P_T0_D02_14,UNUSED,,14,,,,,,,,,
P15,,IOB33M,IO_L3P_T0_DQS_PUDC_B_14,UNUSED,,14,,,,,,,,,
P16,,IOB33S,IO_L3N_T0_DQS_EMCCLK_14,UNUSED,,14,,,,,,,,,
P17,,,GND,,,,,,,,,,,,
P18,,IOB33M,IO_L6P_T0_FCS_B_14,UNUSED,,14,,,,,,,,,
P19,,IOB33M,IO_L16P_T2_CSI_B_14,UNUSED,,14,,,,,,,,,
P20,,IOB33M,IO_L14P_T2_SRCC_14,UNUSED,,14,,,,,,,,,
P21,,IOB33S,IO_L14N_T2_SRCC_14,UNUSED,,14,,,,,,,,,
P22,,,VCCO_14,,,14,,,,,3.30,,,,
P23,led<0>,IOB33,IO_L17P_T2_A14_D30_14,OUTPUT,LVCMOS33,14,12,SLOW,,,,LOCATED,NO,NONE,
P24,led<1>,IOB33,IO_L17N_T2_A13_D29_14,OUTPUT,LVCMOS33,14,12,SLOW,,,,LOCATED,NO,NONE,
P25,,IOB33S,IO_L19N_T3_A09_D25_VREF_14,UNUSED,,14,,,,,,,,,
P26,led<7>,IOB33,IO_L22N_T3_A04_D20_14,OUTPUT,LVCMOS33,14,12,SLOW,,,,LOCATED,NO,NONE,
R1,btn<0>,IOB33,IO_L15P_T2_DQS_34,INPUT,LVCMOS33,34,,,,NONE,,LOCATED,NO,NONE,
R2,btn<1>,IOB33,IO_L17N_T2_34,INPUT,LVCMOS33,34,,,,NONE,,LOCATED,NO,NONE,
R3,cath<4>,IOB33,IO_L13P_T2_MRCC_34,OUTPUT,LVCMOS33,34,12,SLOW,,,,LOCATED,NO,NONE,
R4,,,GND,,,,,,,,,,,,
R5,,IOB33S,IO_L20N_T3_34,UNUSED,,34,,,,,,,,,
R6,,IOB33S,IO_L23N_T3_34,UNUSED,,34,,,,,,,,,
R7,,IOB33M,IO_L23P_T3_34,UNUSED,,34,,,,,,,,,
R8,,IOB33M,IO_L22P_T3_34,UNUSED,,34,,,,,,,,,
R9,,,VCCAUX,,,,,,,,1.8,,,,
R10,,,GND,,,,,,,,,,,,
R11,,,DXN_0,,,,,,,,,,,,
R12,,,DXP_0,,,,,,,,,,,,
R13,,,VCCBRAM,,,,,,,,,,,,
R14,,IOB33M,IO_L1P_T0_D00_MOSI_14,UNUSED,,14,,,,,,,,,
R15,,IOB33S,IO_L1N_T0_D01_DIN_14,UNUSED,,14,,,,,,,,,
R16,,IOB33M,IO_L5P_T0_D06_14,UNUSED,,14,,,,,,,,,
R17,,IOB33S,IO_L5N_T0_D07_14,UNUSED,,14,,,,,,,,,
R18,,IOB33,IO_25_14,UNUSED,,14,,,,,,,,,
R19,,,VCCO_14,,,14,,,,,3.30,,,,
R20,,IOB33M,IO_L18P_T2_A12_D28_14,UNUSED,,14,,,,,,,,,
R21,,IOB33S,IO_L18N_T2_A11_D27_14,UNUSED,,14,,,,,,,,,
R22,,IOB33S,IO_L23N_T3_A02_D18_14,UNUSED,,14,,,,,,,,,
R23,,IOB33S,IO_L24N_T3_A00_D16_14,UNUSED,,14,,,,,,,,,
R24,,,GND,,,,,,,,,,,,
R25,,IOB33M,IO_L19P_T3_A10_D26_14,UNUSED,,14,,,,,,,,,
R26,led<6>,IOB33,IO_L22P_T3_A05_D21_14,OUTPUT,LVCMOS33,14,12,SLOW,,,,LOCATED,NO,NONE,
T1,,,GND,,,,,,,,,,,,
T2,btn<2>,IOB33,IO_L17P_T2_34,INPUT,LVCMOS33,34,,,,NONE,,LOCATED,NO,NONE,
T3,sw<0>,IOB33,IO_L16N_T2_34,INPUT,LVCMOS33,34,,,,NONE,,LOCATED,NO,NONE,
T4,anode<0>,IOB33,IO_L16P_T2_34,OUTPUT,LVCMOS33,34,12,SLOW,,,,LOCATED,NO,NONE,
T5,,IOB33M,IO_L20P_T3_34,UNUSED,,34,,,,,,,,,
T6,,,VCCO_34,,,34,,,,,3.30,,,,
T7,,IOB33S,IO_L24N_T3_34,UNUSED,,34,,,,,,,,,
T8,,IOB33M,IO_L24P_T3_34,UNUSED,,34,,,,,,,,,
T9,,,GND,,,,,,,,,,,,
T10,,,VCCINT,,,,,,,,1.0,,,,
T11,,,GND,,,,,,,,,,,,
T12,,,VCCINT,,,,,,,,1.0,,,,
T13,,,GND,,,,,,,,,,,,
T14,,IOB33M,IO_L20P_T3_13,UNUSED,,13,,,,,,,,,
T15,,IOB33S,IO_L20N_T3_13,UNUSED,,13,,,,,,,,,
T16,,,VCCO_13,,,13,,,,,3.30,,,,
T17,,IOB33M,IO_L21P_T3_DQS_13,UNUSED,,13,,,,,,,,,
T18,,IOB33S,IO_L21N_T3_DQS_13,UNUSED,,13,,,,,,,,,
T19,,IOB33M,IO_L17P_T2_13,UNUSED,,13,,,,,,,,,
T20,,IOB33M,IO_L15P_T2_DQS_13,UNUSED,,13,,,,,,,,,
T21,,,GND,,,,,,,,,,,,
T22,,IOB33M,IO_L23P_T3_A03_D19_14,UNUSED,,14,,,,,,,,,
T23,,IOB33M,IO_L24P_T3_A01_D17_14,UNUSED,,14,,,,,,,,,
T24,,IOB33M,IO_L21P_T3_DQS_14,UNUSED,,14,,,,,,,,,
T25,,IOB33S,IO_L21N_T3_DQS_A06_D22_14,UNUSED,,14,,,,,,,,,
T26,,,VCCO_13,,,13,,,,,3.30,,,,
U1,,IOB33S,IO_L18N_T2_34,UNUSED,,34,,,,,,,,,
U2,,IOB33M,IO_L18P_T2_34,UNUSED,,34,,,,,,,,,
U3,,,VCCO_33,,,33,,,,,any******,,,,
U4,,IOB33,IO_25_34,UNUSED,,34,,,,,,,,,
U5,,IOB33S,IO_L21N_T3_DQS_34,UNUSED,,34,,,,,,,,,
U6,,IOB33M,IO_L21P_T3_DQS_34,UNUSED,,34,,,,,,,,,
U7,,,NC,,,,,,,,,,,,
U8,,,GND,,,,,,,,,,,,
U9,,,VCCAUX,,,,,,,,1.8,,,,
U10,,,GND,,,,,,,,,,,,
U11,,,VCCINT,,,,,,,,1.0,,,,
U12,,,GND,,,,,,,,,,,,
U13,,,VCCBRAM,,,,,,,,,,,,
U14,,IOB33M,IO_L23P_T3_13,UNUSED,,13,,,,,,,,,
U15,,IOB33M,IO_L22P_T3_13,UNUSED,,13,,,,,,,,,
U16,,IOB33S,IO_L22N_T3_13,UNUSED,,13,,,,,,,,,
U17,,IOB33,IO_25_13,UNUSED,,13,,,,,,,,,
U18,,,GND,,,,,,,,,,,,
U19,,IOB33S,IO_L17N_T2_13,UNUSED,,13,,,,,,,,,
U20,,IOB33S,IO_L15N_T2_DQS_13,UNUSED,,13,,,,,,,,,
U21,,IOB33M,IO_L13P_T2_MRCC_13,UNUSED,,13,,,,,,,,,
U22,mclk,IOB33,IO_L12P_T1_MRCC_13,INPUT,LVCMOS33,13,,,,NONE,,LOCATED,NO,NONE,
U23,,,VCCO_13,,,13,,,,,3.30,,,,
U24,,IOB33,IO_0_13,UNUSED,,13,,,,,,,,,
U25,,IOB33M,IO_L1P_T0_13,UNUSED,,13,,,,,,,,,
U26,,IOB33S,IO_L1N_T0_13,UNUSED,,13,,,,,,,,,
V1,,,NC,,,,,,,,,,,,
V2,,,NC,,,,,,,,,,,,
V3,,,NC,,,,,,,,,,,,
V4,,,NC,,,,,,,,,,,,
V5,,,GND,,,,,,,,,,,,
V6,,,NC,,,,,,,,,,,,
V7,,,NC,,,,,,,,,,,,
V8,,,NC,,,,,,,,,,,,
V9,,,NC,,,,,,,,,,,,
V10,,,VCCINT,,,,,,,,1.0,,,,
V11,,,INIT_B_0,,,,,,,,,,,,
V12,,,VCCINT,,,,,,,,1.0,,,,
V13,,,GND,,,,,,,,,,,,
V14,,IOB33S,IO_L23N_T3_13,UNUSED,,13,,,,,,,,,
V15,,,GND,,,,,,,,,,,,
V16,,IOB33M,IO_L24P_T3_13,UNUSED,,13,,,,,,,,,
V17,,IOB33S,IO_L24N_T3_13,UNUSED,,13,,,,,,,,,
V18,,IOB33M,IO_L19P_T3_13,UNUSED,,13,,,,,,,,,
V19,,IOB33M,IO_L18P_T2_13,UNUSED,,13,,,,,,,,,
V20,,,VCCO_13,,,13,,,,,3.30,,,,
V21,,IOB33S,IO_L13N_T2_MRCC_13,UNUSED,,13,,,,,,,,,
V22,,IOB33S,IO_L12N_T1_MRCC_13,UNUSED,,13,,,,,,,,,
V23,,IOB33M,IO_L10P_T1_13,UNUSED,,13,,,,,,,,,
V24,,IOB33M,IO_L6P_T0_13,UNUSED,,13,,,,,,,,,
V25,,,GND,,,,,,,,,,,,
V26,,IOB33M,IO_L2P_T0_13,UNUSED,,13,,,,,,,,,
W1,,,NC,,,,,,,,,,,,
W2,,,GND,,,,,,,,,,,,
W3,,,NC,,,,,,,,,,,,
W4,,,NC,,,,,,,,,,,,
W5,,,NC,,,,,,,,,,,,
W6,,,NC,,,,,,,,,,,,
W7,,,VCCO_33,,,33,,,,,any******,,,,
W8,,,NC,,,,,,,,,,,,
W9,,,M2_0,,,,,,,,,,,,
W10,,,DONE_0,,,,,,,,,,,,
W11,,,VCCO_0,,,0,,,,,any******,,,,
W12,,,GND,,,,,,,,,,,,
W13,,,VCCBRAM,,,,,,,,,,,,
W14,,,NC,,,,,,,,,,,,
W15,,,NC,,,,,,,,,,,,
W16,,,NC,,,,,,,,,,,,
W17,,,VCCO_12,,,12,,,,,any******,,,,
W18,,IOB33S,IO_L19N_T3_VREF_13,UNUSED,,13,,,,,,,,,
W19,,IOB33S,IO_L18N_T2_13,UNUSED,,13,,,,,,,,,
W20,,IOB33M,IO_L16P_T2_13,UNUSED,,13,,,,,,,,,
W21,,IOB33M,IO_L14P_T2_SRCC_13,UNUSED,,13,,,,,,,,,
W22,,,GND,,,,,,,,,,,,
W23,,IOB33S,IO_L10N_T1_13,UNUSED,,13,,,,,,,,,
W24,,IOB33S,IO_L6N_T0_VREF_13,UNUSED,,13,,,,,,,,,
W25,,IOB33M,IO_L4P_T0_13,UNUSED,,13,,,,,,,,,
W26,,IOB33S,IO_L2N_T0_13,UNUSED,,13,,,,,,,,,
Y1,,,NC,,,,,,,,,,,,
Y2,,,NC,,,,,,,,,,,,
Y3,,,NC,,,,,,,,,,,,
Y4,,,VCCO_33,,,33,,,,,any******,,,,
Y5,,,NC,,,,,,,,,,,,
Y6,,,NC,,,,,,,,,,,,
Y7,,,NC,,,,,,,,,,,,
Y8,,,NC,,,,,,,,,,,,
Y9,,,M1_0,,,,,,,,,,,,
Y10,,,GND,,,,,,,,,,,,
Y11,,,GND,,,,,,,,,,,,
Y12,,,GND,,,,,,,,,,,,
Y13,,,GND,,,,,,,,,,,,
Y14,,,VCCO_0,,,0,,,,,any******,,,,
Y15,,,NC,,,,,,,,,,,,
Y16,,,NC,,,,,,,,,,,,
Y17,,,NC,,,,,,,,,,,,
Y18,,,NC,,,,,,,,,,,,
Y19,,,GND,,,,,,,,,,,,
Y20,,IOB33S,IO_L16N_T2_13,UNUSED,,13,,,,,,,,,
Y21,,IOB33S,IO_L14N_T2_SRCC_13,UNUSED,,13,,,,,,,,,
Y22,,IOB33M,IO_L11P_T1_SRCC_13,UNUSED,,13,,,,,,,,,
Y23,,IOB33S,IO_L11N_T1_SRCC_13,UNUSED,,13,,,,,,,,,
Y24,,,VCCO_13,,,13,,,,,3.30,,,,
Y25,,IOB33M,IO_L5P_T0_13,UNUSED,,13,,,,,,,,,
Y26,,IOB33S,IO_L4N_T0_13,UNUSED,,13,,,,,,,,,

# -----,-----,-----,-----,-----,-----,-----,-----,-----,-----,-----,-----,-----,-----,-----,
# 
#* Default value.
#** This default Pullup/Pulldown value can be overridden in Bitgen. 
#All RSVD_0 pins must be tied to GROUND.
#****** Special VCCO requirements may apply. Please consult the device 
#       family datasheet for specific guideline on VCCO requirements. 
#
#
#